{"root":[{"id":1125,"last_modified":"2014-03-05 15:08:38","name":"Alexandra ","type":"Post Office","address":"110 Alexandra Road ","latitude":"1.29154","longitude":"103.81979","notification":"","mon_opening_1stcollection_time":"0830","mon_closing_2ndcollection_time":"1700","tue_opening_1stcollection_time":"0830","tue_closing_2ndcollection_time":"1700","wed_opening_1stcollection_time":"0830","wed_closing_2ndcollection_time":"1700","thu_opening_1stcollection_time":"0830","thu_closing_2ndcollection_time":"1700","fri_opening_1stcollection_time":"0830","fri_closing_2ndcollection_time":"1700","sat_opening_1stcollection_time":"0830","sat_closing_2ndcollection_time":"1300","sun_opening_1stcollection_time":"Closed","sun_closing_2ndcollection_time":"Closed","ph_opening_1stcollection_time":"Closed","ph_closing_2ndcollection_time":"Closed","postal_code":"159921","services":["Postal Services","Speedpost Services","Bill payments","Remittances"],"posting_box":"Alexandra Post Office"},{"id":1126,"last_modified":"2014-03-05 15:08:26","name":"Ang Mo Kio Central","type":"Post Office","address":"Blk 727 Ang Mo Kio Ave 6 #01-4246 ","latitude":"1.37271","longitude":"103.846","notification":"","mon_opening_1stcollection_time":"0830","mon_closing_2ndcollection_time":"2000","tue_opening_1stcollection_time":"0830","tue_closing_2ndcollection_time":"2000","wed_opening_1stcollection_time":"0830","wed_closing_2ndcollection_time":"2000","thu_opening_1stcollection_time":"0830","thu_closing_2ndcollection_time":"2000","fri_opening_1stcollection_time":"0830","fri_closing_2ndcollection_time":"2000","sat_opening_1stcollection_time":"0830","sat_closing_2ndcollection_time":"1500","sun_opening_1stcollection_time":"Closed","sun_closing_2ndcollection_time":"Closed","ph_opening_1stcollection_time":"Closed","ph_closing_2ndcollection_time":"Closed","postal_code":"560727","services":["Postal Services","Speedpost Services","Bill payments","Remittances"],"posting_box":"Ang Mo Kio Central Post Office"},{"id":1127,"last_modified":"2014-03-05 15:08:08","name":"Bedok Central","type":"Post Office","address":"Blk 218 Bedok North St.1 #01-49","latitude":"1.32747","longitude":"103.93425","notification":"","mon_opening_1stcollection_time":"0830","mon_closing_2ndcollection_time":"1700","tue_opening_1stcollection_time":"0830","tue_closing_2ndcollection_time":"1700","wed_opening_1stcollection_time":"0830","wed_closing_2ndcollection_time":"2000","thu_opening_1stcollection_time":"0830","thu_closing_2ndcollection_time":"1700","fri_opening_1stcollection_time":"0830","fri_closing_2ndcollection_time":"1700","sat_opening_1stcollection_time":"0830","sat_closing_2ndcollection_time":"1300","sun_opening_1stcollection_time":"Closed","sun_closing_2ndcollection_time":"Closed","ph_opening_1stcollection_time":"Closed","ph_closing_2ndcollection_time":"Closed","postal_code":"460218","services":["Postal Services","Speedpost Services","Bill payments","Remittances"],"posting_box":"Bedok Central Post Office"},{"id":1185,"last_modified":"2014-03-05 14:45:46","name":"Bishan ","type":"Post Office","address":"51 Bishan Street 13 #01-03 Bishan Community Club","latitude":"1.34926","longitude":"103.85028","notification":"","mon_opening_1stcollection_time":"0930","mon_closing_2ndcollection_time":"1800","tue_opening_1stcollection_time":"0930","tue_closing_2ndcollection_time":"1800","wed_opening_1stcollection_time":"0930","wed_closing_2ndcollection_time":"1800","thu_opening_1stcollection_time":"0930","thu_closing_2ndcollection_time":"1800","fri_opening_1stcollection_time":"0930","fri_closing_2ndcollection_time":"1800","sat_opening_1stcollection_time":"0930","sat_closing_2ndcollection_time":"1400","sun_opening_1stcollection_time":"Closed","sun_closing_2ndcollection_time":"Closed","ph_opening_1stcollection_time":"Closed","ph_closing_2ndcollection_time":"Closed","postal_code":"579799","services":["Postal Services","Speedpost Services","Bill payments","Remittances"],"posting_box":"Bishan Post Office"},{"id":1128,"last_modified":"2014-03-05 15:07:53","name":"Bras Basah","type":"Post Office","address":"Blk 231 Bain Street#01-03 Bras Basah Complex","latitude":"1.29678","longitude":"103.85387","notification":"","mon_opening_1stcollection_time":"0930","mon_closing_2ndcollection_time":"1800","tue_opening_1stcollection_time":"0930","tue_closing_2ndcollection_time":"1800","wed_opening_1stcollection_time":"0930","wed_closing_2ndcollection_time":"1800","thu_opening_1stcollection_time":"0930","thu_closing_2ndcollection_time":"1800","fri_opening_1stcollection_time":"0930","fri_closing_2ndcollection_time":"1800","sat_opening_1stcollection_time":"0930","sat_closing_2ndcollection_time":"1400","sun_opening_1stcollection_time":"Closed","sun_closing_2ndcollection_time":"Closed","ph_opening_1stcollection_time":"Closed","ph_closing_2ndcollection_time":"Closed","postal_code":"180231","services":["Postal Services","Speedpost Services","Bill payments","Remittances"],"posting_box":"Bras Basah Post Office"},{"id":1129,"last_modified":"2014-04-01 07:55:52","name":"Bukit Batok Central","type":"Post Office","address":"1 Bukit Batok Central Link #05-09 West Mall","latitude":"1.34991","longitude":"103.74944","notification":"","mon_opening_1stcollection_time":"1100","mon_closing_2ndcollection_time":"1900","tue_opening_1stcollection_time":"1100","tue_closing_2ndcollection_time":"1900","wed_opening_1stcollection_time":"1100","wed_closing_2ndcollection_time":"1900","thu_opening_1stcollection_time":"1100","thu_closing_2ndcollection_time":"1900","fri_opening_1stcollection_time":"1100","fri_closing_2ndcollection_time":"1900","sat_opening_1stcollection_time":"1100","sat_closing_2ndcollection_time":"1600","sun_opening_1stcollection_time":"Closed","sun_closing_2ndcollection_time":"Closed","ph_opening_1stcollection_time":"Closed","ph_closing_2ndcollection_time":"Closed","postal_code":"658713","services":["Postal Services","Speedpost Services","Bill payments","Remittances"],"posting_box":"Bukit Batok Central Post Office"},{"id":1130,"last_modified":"2014-03-05 15:07:19","name":"Bukit Merah Central","type":"Post Office","address":"Blk 165 Bukit Merah Central #01-3689","latitude":"1.28315","longitude":"103.81663","notification":"","mon_opening_1stcollection_time":"0830","mon_closing_2ndcollection_time":"1700","tue_opening_1stcollection_time":"0830","tue_closing_2ndcollection_time":"1700","wed_opening_1stcollection_time":"0830","wed_closing_2ndcollection_time":"1700","thu_opening_1stcollection_time":"0830","thu_closing_2ndcollection_time":"1700","fri_opening_1stcollection_time":"0830","fri_closing_2ndcollection_time":"1700","sat_opening_1stcollection_time":"0830","sat_closing_2ndcollection_time":"1300","sun_opening_1stcollection_time":"Closed","sun_closing_2ndcollection_time":"Closed","ph_opening_1stcollection_time":"Closed","ph_closing_2ndcollection_time":"Closed","postal_code":"150165","services":["Postal Services","Speedpost Services","Bill payments","Remittances"],"posting_box":"Bukit Merah Central Post Office"},{"id":1131,"last_modified":"2014-03-05 15:06:49","name":"Bukit Panjang","type":"Post Office","address":"10 Choa Chu Kang Rd Track 10 ","latitude":"1.3726","longitude":"103.74325","notification":"","mon_opening_1stcollection_time":"0830","mon_closing_2ndcollection_time":"1700","tue_opening_1stcollection_time":"0830","tue_closing_2ndcollection_time":"1700","wed_opening_1stcollection_time":"0830","wed_closing_2ndcollection_time":"2000","thu_opening_1stcollection_time":"0830","thu_closing_2ndcollection_time":"1700","fri_opening_1stcollection_time":"0830","fri_closing_2ndcollection_time":"1700","sat_opening_1stcollection_time":"0830","sat_closing_2ndcollection_time":"1300","sun_opening_1stcollection_time":"Closed","sun_closing_2ndcollection_time":"Closed","ph_opening_1stcollection_time":"Closed","ph_closing_2ndcollection_time":"Closed","postal_code":"689379","services":["Postal Services","Speedpost Services","Bill payments","Remittances"],"posting_box":"Bukit Panjang Post Office"},{"id":1375,"last_modified":"2014-03-05 14:44:45","name":"Bukit Timah","type":"Post Office","address":"20 Toh Yi Drive, #01-05 Bukit Timah Community Club","latitude":"1.340487","longitude":"103.77158","notification":"","mon_opening_1stcollection_time":"0930","mon_closing_2ndcollection_time":"1800","tue_opening_1stcollection_time":"0930","tue_closing_2ndcollection_time":"1800","wed_opening_1stcollection_time":"0930","wed_closing_2ndcollection_time":"1800","thu_opening_1stcollection_time":"0930","thu_closing_2ndcollection_time":"1800","fri_opening_1stcollection_time":"0930","fri_closing_2ndcollection_time":"1800","sat_opening_1stcollection_time":"0930","sat_closing_2ndcollection_time":"1400","sun_opening_1stcollection_time":"Closed","sun_closing_2ndcollection_time":"Closed","ph_opening_1stcollection_time":"Closed","ph_closing_2ndcollection_time":"Closed","postal_code":"596569","services":["Postal Services","Speedpost Services","Bill payments","Remittances"],"posting_box":"Bukit Timah Post Office"},{"id":1134,"last_modified":"2014-03-05 15:06:32","name":"Changi Airport Terminal 2","type":"Post Office","address":"Departure Hall Unit 026-39 Airport Boulevard","latitude":"1.35608","longitude":"103.98935","notification":"","mon_opening_1stcollection_time":"0800","mon_closing_2ndcollection_time":"2130","tue_opening_1stcollection_time":"0800","tue_closing_2ndcollection_time":"2130","wed_opening_1stcollection_time":"0800","wed_closing_2ndcollection_time":"2130","thu_opening_1stcollection_time":"0800","thu_closing_2ndcollection_time":"2130","fri_opening_1stcollection_time":"0800","fri_closing_2ndcollection_time":"2130","sat_opening_1stcollection_time":"0800","sat_closing_2ndcollection_time":"2130","sun_opening_1stcollection_time":"0800","sun_closing_2ndcollection_time":"2130","ph_opening_1stcollection_time":"0800","ph_closing_2ndcollection_time":"2130","postal_code":"819643","services":["Postal Services","Speedpost Services","Bill payments","Remittances"],"posting_box":"Changi Airport T2 Post Office"},{"id":1136,"last_modified":"2014-03-05 15:06:15","name":"Chinatown","type":"Post Office","address":"101 Upper Cross Street #B1-17A People&#39;s Park Centre","latitude":"1.28568","longitude":"103.84395","notification":"","mon_opening_1stcollection_time":"0930","mon_closing_2ndcollection_time":"1800","tue_opening_1stcollection_time":"0930","tue_closing_2ndcollection_time":"1800","wed_opening_1stcollection_time":"0930","wed_closing_2ndcollection_time":"1800","thu_opening_1stcollection_time":"0930","thu_closing_2ndcollection_time":"1800","fri_opening_1stcollection_time":"0930","fri_closing_2ndcollection_time":"1800","sat_opening_1stcollection_time":"0930","sat_closing_2ndcollection_time":"1400","sun_opening_1stcollection_time":"Closed","sun_closing_2ndcollection_time":"Closed","ph_opening_1stcollection_time":"Closed","ph_closing_2ndcollection_time":"Closed","postal_code":"058357","services":["Postal Services","Speedpost Services","Bill payments","Remittances"],"posting_box":"Chinatown Post Office"},{"id":1137,"last_modified":"2014-03-05 15:05:51","name":"Choa Chu Kang Central","type":"Post Office","address":"Blk 309 Choa Chu Kang Ave 4 #01-03 Choa Chu Kang Centre","latitude":"1.38497","longitude":"103.7458","notification":"","mon_opening_1stcollection_time":"0830","mon_closing_2ndcollection_time":"1700","tue_opening_1stcollection_time":"0830","tue_closing_2ndcollection_time":"1700","wed_opening_1stcollection_time":"0830","wed_closing_2ndcollection_time":"2000","thu_opening_1stcollection_time":"0830","thu_closing_2ndcollection_time":"1700","fri_opening_1stcollection_time":"0830","fri_closing_2ndcollection_time":"1700","sat_opening_1stcollection_time":"0830","sat_closing_2ndcollection_time":"1300","sun_opening_1stcollection_time":"Closed","sun_closing_2ndcollection_time":"Closed","ph_opening_1stcollection_time":"","ph_closing_2ndcollection_time":"","postal_code":"680309","services":["Postal Services","Speedpost Services","Bill payments","Remittances"],"posting_box":"Choa Chu Kang Central Post Office"},{"id":1377,"last_modified":"2014-03-05 14:44:18","name":"Clementi Central","type":"Post Office","address":"3155 Commonwealth Ave West, #05-23\/24\/25\/26, The Clementi Mall","latitude":"1.31512","longitude":"103.764516","notification":"","mon_opening_1stcollection_time":"1100","mon_closing_2ndcollection_time":"2100","tue_opening_1stcollection_time":"1100","tue_closing_2ndcollection_time":"2100","wed_opening_1stcollection_time":"1100","wed_closing_2ndcollection_time":"2100","thu_opening_1stcollection_time":"1100","thu_closing_2ndcollection_time":"2100","fri_opening_1stcollection_time":"1100","fri_closing_2ndcollection_time":"2100","sat_opening_1stcollection_time":"1100","sat_closing_2ndcollection_time":"2100","sun_opening_1stcollection_time":"1100","sun_closing_2ndcollection_time":"2100","ph_opening_1stcollection_time":"Closed","ph_closing_2ndcollection_time":"Closed","postal_code":"129588","services":["Postal Services","Speedpost Services","Bill payments","Remittances"],"posting_box":"Clementi Central Post Office"},{"id":1139,"last_modified":"2014-03-05 15:05:38","name":"Clementi West","type":"Post Office","address":"Blk 727 Clementi West St.2 #01-286 ","latitude":"1.30434","longitude":"103.76342","notification":"","mon_opening_1stcollection_time":"0830","mon_closing_2ndcollection_time":"1800","tue_opening_1stcollection_time":"0830","tue_closing_2ndcollection_time":"1800","wed_opening_1stcollection_time":"0830","wed_closing_2ndcollection_time":"1800","thu_opening_1stcollection_time":"0830","thu_closing_2ndcollection_time":"1800","fri_opening_1stcollection_time":"0830","fri_closing_2ndcollection_time":"1800","sat_opening_1stcollection_time":"0830","sat_closing_2ndcollection_time":"1400","sun_opening_1stcollection_time":"Closed","sun_closing_2ndcollection_time":"Closed","ph_opening_1stcollection_time":"Closed","ph_closing_2ndcollection_time":"Closed","postal_code":"120727","services":["Postal Services","Speedpost Services","Bill payments","Remittances"],"posting_box":"Clementi West Post Office"},{"id":1140,"last_modified":"2014-03-05 15:05:15","name":"Crawford","type":"Post Office","address":"Blk 15 Beach Road #01-4685 ","latitude":"1.30355","longitude":"103.86349","notification":"","mon_opening_1stcollection_time":"0830","mon_closing_2ndcollection_time":"1700","tue_opening_1stcollection_time":"0830","tue_closing_2ndcollection_time":"1700","wed_opening_1stcollection_time":"0830","wed_closing_2ndcollection_time":"1700","thu_opening_1stcollection_time":"0830","thu_closing_2ndcollection_time":"1700","fri_opening_1stcollection_time":"0830","fri_closing_2ndcollection_time":"1700","sat_opening_1stcollection_time":"0830","sat_closing_2ndcollection_time":"1300","sun_opening_1stcollection_time":"Closed","sun_closing_2ndcollection_time":"Closed","ph_opening_1stcollection_time":"Closed","ph_closing_2ndcollection_time":"Closed","postal_code":"190015","services":["Postal Services","Speedpost Services","Bill payments","Remittances"],"posting_box":"Crawford Post Office"},{"id":1141,"last_modified":"2014-03-05 15:05:00","name":"Geylang","type":"Post Office","address":"447 Geylang Road ","latitude":"1.31323","longitude":"103.88232","notification":"","mon_opening_1stcollection_time":"0900","mon_closing_2ndcollection_time":"1730","tue_opening_1stcollection_time":"0900","tue_closing_2ndcollection_time":"1730","wed_opening_1stcollection_time":"0900","wed_closing_2ndcollection_time":"1730","thu_opening_1stcollection_time":"0900","thu_closing_2ndcollection_time":"1730","fri_opening_1stcollection_time":"0900","fri_closing_2ndcollection_time":"1730","sat_opening_1stcollection_time":"0900","sat_closing_2ndcollection_time":"1330","sun_opening_1stcollection_time":"Closed","sun_closing_2ndcollection_time":"Closed","ph_opening_1stcollection_time":"Closed","ph_closing_2ndcollection_time":"Closed","postal_code":"389406","services":["Postal Services","Speedpost Services","Bill payments","Remittances"],"posting_box":"Geylang Post Office"},{"id":1142,"last_modified":"2014-03-05 15:04:41","name":"Geylang East","type":"Post Office","address":"Blk 119 Aljunied Ave 2 #01-22","latitude":"1.32105","longitude":"103.88641","notification":"","mon_opening_1stcollection_time":"0830","mon_closing_2ndcollection_time":"1700","tue_opening_1stcollection_time":"0830","tue_closing_2ndcollection_time":"1700","wed_opening_1stcollection_time":"0830","wed_closing_2ndcollection_time":"1700","thu_opening_1stcollection_time":"0830","thu_closing_2ndcollection_time":"1700","fri_opening_1stcollection_time":"0830","fri_closing_2ndcollection_time":"1700","sat_opening_1stcollection_time":"0830","sat_closing_2ndcollection_time":"1300","sun_opening_1stcollection_time":"Closed","sun_closing_2ndcollection_time":"Closed","ph_opening_1stcollection_time":"Closed","ph_closing_2ndcollection_time":"Closed","postal_code":"380095","services":["Postal Services","Speedpost Services","Bill payments","Remittances"],"posting_box":"Geylang East Post Office"},{"id":1143,"last_modified":"2014-03-05 15:04:27","name":"Ghim Moh Estate","type":"Post Office","address":"Blk 21 Ghim Moh Road #01-225 ","latitude":"1.3101","longitude":"103.78855","notification":"","mon_opening_1stcollection_time":"0830","mon_closing_2ndcollection_time":"1700","tue_opening_1stcollection_time":"0830","tue_closing_2ndcollection_time":"1700","wed_opening_1stcollection_time":"0830","wed_closing_2ndcollection_time":"1700","thu_opening_1stcollection_time":"0830","thu_closing_2ndcollection_time":"1700","fri_opening_1stcollection_time":"0830","fri_closing_2ndcollection_time":"1700","sat_opening_1stcollection_time":"0830","sat_closing_2ndcollection_time":"1300","sun_opening_1stcollection_time":"Closed","sun_closing_2ndcollection_time":"Closed","ph_opening_1stcollection_time":"Closed","ph_closing_2ndcollection_time":"Closed","postal_code":"270021","services":["Postal Services","Speedpost Services","Bill payments","Remittances"],"posting_box":"Ghim Moh Post Office"},{"id":1144,"last_modified":"2014-03-05 15:04:15","name":"Harbourfront Centre","type":"Post Office","address":"1 Maritime Square #03-22 HarbourFront Centre","latitude":"1.26482","longitude":"103.819","notification":"","mon_opening_1stcollection_time":"0900","mon_closing_2ndcollection_time":"1730","tue_opening_1stcollection_time":"0900","tue_closing_2ndcollection_time":"1730","wed_opening_1stcollection_time":"0900","wed_closing_2ndcollection_time":"1730","thu_opening_1stcollection_time":"0900","thu_closing_2ndcollection_time":"1730","fri_opening_1stcollection_time":"0900","fri_closing_2ndcollection_time":"1730","sat_opening_1stcollection_time":"0900","sat_closing_2ndcollection_time":"1330","sun_opening_1stcollection_time":"Closed","sun_closing_2ndcollection_time":"Closed","ph_opening_1stcollection_time":"Closed","ph_closing_2ndcollection_time":"Closed","postal_code":"099253","services":["Postal Services","Speedpost Services","Bill payments","Remittances"],"posting_box":"Harbourfront Post Office"},{"id":1145,"last_modified":"2014-03-05 15:03:52","name":"Hougang Central","type":"Post Office","address":"90 Hougang Avenue 10 #04-15A Hougang Mall ","latitude":"1.37283","longitude":"103.89357","notification":"","mon_opening_1stcollection_time":"0930","mon_closing_2ndcollection_time":"1800","tue_opening_1stcollection_time":"0930","tue_closing_2ndcollection_time":"1800","wed_opening_1stcollection_time":"0930","wed_closing_2ndcollection_time":"1800","thu_opening_1stcollection_time":"0930","thu_closing_2ndcollection_time":"1800","fri_opening_1stcollection_time":"0930","fri_closing_2ndcollection_time":"1800","sat_opening_1stcollection_time":"0930","sat_closing_2ndcollection_time":"1600","sun_opening_1stcollection_time":"Closed","sun_closing_2ndcollection_time":"Closed","ph_opening_1stcollection_time":"Closed","ph_closing_2ndcollection_time":"Closed","postal_code":"538766","services":["Postal Services","Speedpost Services","Bill payments","Remittances"],"posting_box":"Hougang Central Post Office"},{"id":1146,"last_modified":"2014-03-05 15:03:38","name":"IMM","type":"Post Office","address":"2 Jurong East St.21 #02-55 IMM Building ","latitude":"1.335","longitude":"103.74689","notification":"","mon_opening_1stcollection_time":"0930","mon_closing_2ndcollection_time":"1800","tue_opening_1stcollection_time":"0930","tue_closing_2ndcollection_time":"1800","wed_opening_1stcollection_time":"0930","wed_closing_2ndcollection_time":"2000","thu_opening_1stcollection_time":"0930","thu_closing_2ndcollection_time":"1800","fri_opening_1stcollection_time":"0930","fri_closing_2ndcollection_time":"1800","sat_opening_1stcollection_time":"0930","sat_closing_2ndcollection_time":"1500","sun_opening_1stcollection_time":"Closed","sun_closing_2ndcollection_time":"Closed","ph_opening_1stcollection_time":"Closed","ph_closing_2ndcollection_time":"Closed","postal_code":"609601","services":["Postal Services","Speedpost Services","Bill payments","Remittances"],"posting_box":"IMM Post Office"},{"id":1147,"last_modified":"2014-03-05 15:03:23","name":"Jurong Point","type":"Post Office","address":"1 Jurong West Central 2 #B1-45 Jurong Point","latitude":"1.34048","longitude":"103.70672","notification":"","mon_opening_1stcollection_time":"0930","mon_closing_2ndcollection_time":"2130","tue_opening_1stcollection_time":"0930","tue_closing_2ndcollection_time":"2130","wed_opening_1stcollection_time":"0930","wed_closing_2ndcollection_time":"2130","thu_opening_1stcollection_time":"0930","thu_closing_2ndcollection_time":"2130","fri_opening_1stcollection_time":"0930","fri_closing_2ndcollection_time":"2130","sat_opening_1stcollection_time":"0930","sat_closing_2ndcollection_time":"2130","sun_opening_1stcollection_time":"1100","sun_closing_2ndcollection_time":"2130","ph_opening_1stcollection_time":"1100","ph_closing_2ndcollection_time":"2130","postal_code":"648886","services":["Postal Services","Speedpost Services","Bill payments","Remittances"],"posting_box":"Jurong Point Post Office"},{"id":1148,"last_modified":"2014-03-05 15:03:06","name":"Jurong West","type":"Post Office","address":"Blk 492 Jurong West St. 41 #01-42 ","latitude":"1.34982","longitude":"103.72493","notification":"","mon_opening_1stcollection_time":"0830","mon_closing_2ndcollection_time":"1700","tue_opening_1stcollection_time":"0830","tue_closing_2ndcollection_time":"1700","wed_opening_1stcollection_time":"0830","wed_closing_2ndcollection_time":"2000","thu_opening_1stcollection_time":"0830","thu_closing_2ndcollection_time":"1700","fri_opening_1stcollection_time":"0830","fri_closing_2ndcollection_time":"1700","sat_opening_1stcollection_time":"0830","sat_closing_2ndcollection_time":"1300","sun_opening_1stcollection_time":"Closed","sun_closing_2ndcollection_time":"Closed","ph_opening_1stcollection_time":"Closed","ph_closing_2ndcollection_time":"Closed","postal_code":"640492","services":["Postal Services","Speedpost Services","Bill payments","Remittances"],"posting_box":"Jurong West Post Office"},{"id":1149,"last_modified":"2014-03-05 15:02:49","name":"Katong","type":"Post Office","address":"373 Tanjong Katong Road ","latitude":"1.30307","longitude":"103.89709","notification":"","mon_opening_1stcollection_time":"0830","mon_closing_2ndcollection_time":"1700","tue_opening_1stcollection_time":"0830","tue_closing_2ndcollection_time":"1700","wed_opening_1stcollection_time":"0830","wed_closing_2ndcollection_time":"1700","thu_opening_1stcollection_time":"0830","thu_closing_2ndcollection_time":"1700","fri_opening_1stcollection_time":"0830","fri_closing_2ndcollection_time":"1700","sat_opening_1stcollection_time":"0830","sat_closing_2ndcollection_time":"1300","sun_opening_1stcollection_time":"Closed","sun_closing_2ndcollection_time":"Closed","ph_opening_1stcollection_time":"Closed","ph_closing_2ndcollection_time":"Closed","postal_code":"437130","services":["Postal Services","Speedpost Services","Bill payments","Remittances"],"posting_box":"Katong Post Office"},{"id":1151,"last_modified":"2014-03-05 15:02:16","name":"Killiney Road","type":"Post Office","address":"1 Killiney Road ","latitude":"1.30025","longitude":"103.84069","notification":"","mon_opening_1stcollection_time":"0930","mon_closing_2ndcollection_time":"2100","tue_opening_1stcollection_time":"0930","tue_closing_2ndcollection_time":"2100","wed_opening_1stcollection_time":"0930","wed_closing_2ndcollection_time":"2100","thu_opening_1stcollection_time":"0930","thu_closing_2ndcollection_time":"2100","fri_opening_1stcollection_time":"0930","fri_closing_2ndcollection_time":"2100","sat_opening_1stcollection_time":"0930","sat_closing_2ndcollection_time":"1600","sun_opening_1stcollection_time":"1030","sun_closing_2ndcollection_time":"1600","ph_opening_1stcollection_time":"1030","ph_closing_2ndcollection_time":"1600","postal_code":"239518","services":["Postal Services","Speedpost Services","Bill payments","Remittances"],"posting_box":"Killiney Road Post Office"},{"id":1152,"last_modified":"2014-03-05 15:01:44","name":"Kitchener Road","type":"Post Office","address":"181 Kitchener Road #01-26\/27\/28 New Park Hotel Shopping Arcade ","latitude":"1.31022","longitude":"103.85572","notification":"","mon_opening_1stcollection_time":"0830","mon_closing_2ndcollection_time":"1700","tue_opening_1stcollection_time":"0830","tue_closing_2ndcollection_time":"1700","wed_opening_1stcollection_time":"0830","wed_closing_2ndcollection_time":"1700","thu_opening_1stcollection_time":"0830","thu_closing_2ndcollection_time":"1700","fri_opening_1stcollection_time":"0830","fri_closing_2ndcollection_time":"1700","sat_opening_1stcollection_time":"0830","sat_closing_2ndcollection_time":"1300","sun_opening_1stcollection_time":"Closed","sun_closing_2ndcollection_time":"Closed","ph_opening_1stcollection_time":"Closed","ph_closing_2ndcollection_time":"Closed","postal_code":"208533","services":["Postal Services","Speedpost Services","Bill payments","Remittances"],"posting_box":"Kitchener Road Post Office"},{"id":1153,"last_modified":"2014-03-05 15:01:29","name":"Lim Ah Pin Road","type":"Post Office","address":"1 Lim Ah Pin Road ","latitude":"1.36324","longitude":"103.88772","notification":"","mon_opening_1stcollection_time":"0830","mon_closing_2ndcollection_time":"1700","tue_opening_1stcollection_time":"0830","tue_closing_2ndcollection_time":"1700","wed_opening_1stcollection_time":"0830","wed_closing_2ndcollection_time":"1700","thu_opening_1stcollection_time":"0830","thu_closing_2ndcollection_time":"1700","fri_opening_1stcollection_time":"0830","fri_closing_2ndcollection_time":"1700","sat_opening_1stcollection_time":"0830","sat_closing_2ndcollection_time":"1300","sun_opening_1stcollection_time":"Closed","sun_closing_2ndcollection_time":"Closed","ph_opening_1stcollection_time":"Closed","ph_closing_2ndcollection_time":"Closed","postal_code":"547809","services":["Postal Services","Speedpost Services","Bill payments","Remittances"],"posting_box":"Lim Ah Pin Post Office"},{"id":1155,"last_modified":"2014-03-05 15:01:14","name":"Macpherson Road","type":"Post Office","address":"70 Macpherson Road ","latitude":"1.32839","longitude":"103.87138","notification":"","mon_opening_1stcollection_time":"0830","mon_closing_2ndcollection_time":"1700","tue_opening_1stcollection_time":"0830","tue_closing_2ndcollection_time":"1700","wed_opening_1stcollection_time":"0830","wed_closing_2ndcollection_time":"1700","thu_opening_1stcollection_time":"0830","thu_closing_2ndcollection_time":"1700","fri_opening_1stcollection_time":"0830","fri_closing_2ndcollection_time":"1700","sat_opening_1stcollection_time":"0830","sat_closing_2ndcollection_time":"1300","sun_opening_1stcollection_time":"Closed","sun_closing_2ndcollection_time":"Closed","ph_opening_1stcollection_time":"Closed","ph_closing_2ndcollection_time":"Closed","postal_code":"348475","services":["Postal Services","Speedpost Services","Bill payments","Remittances"],"posting_box":"Macpherson Post Office"},{"id":1156,"last_modified":"2014-03-05 15:00:59","name":"Marine Parade","type":"Post Office","address":"Blk 86 Marine Parade Central #01-670 ","latitude":"1.30173","longitude":"103.90674","notification":"","mon_opening_1stcollection_time":"0830","mon_closing_2ndcollection_time":"1700","tue_opening_1stcollection_time":"0830","tue_closing_2ndcollection_time":"1700","wed_opening_1stcollection_time":"0830","wed_closing_2ndcollection_time":"2000","thu_opening_1stcollection_time":"0830","thu_closing_2ndcollection_time":"1700","fri_opening_1stcollection_time":"0830","fri_closing_2ndcollection_time":"1700","sat_opening_1stcollection_time":"0830","sat_closing_2ndcollection_time":"1300","sun_opening_1stcollection_time":"Closed","sun_closing_2ndcollection_time":"Closed","ph_opening_1stcollection_time":"Closed","ph_closing_2ndcollection_time":"Closed","postal_code":"440086","services":["Postal Services","Speedpost Services","Bill payments","Remittances"],"posting_box":"Marine Parade Post Office"},{"id":1157,"last_modified":"2014-03-05 15:00:43","name":"Newton","type":"Post Office","address":"135 Bukit Timah Rd #01-01 POSB Newton Branch Bldg ","latitude":"1.31041","longitude":"103.84363","notification":"","mon_opening_1stcollection_time":"0830","mon_closing_2ndcollection_time":"1700","tue_opening_1stcollection_time":"0830","tue_closing_2ndcollection_time":"1700","wed_opening_1stcollection_time":"0830","wed_closing_2ndcollection_time":"1700","thu_opening_1stcollection_time":"0830","thu_closing_2ndcollection_time":"1700","fri_opening_1stcollection_time":"0830","fri_closing_2ndcollection_time":"1700","sat_opening_1stcollection_time":"0830","sat_closing_2ndcollection_time":"1300","sun_opening_1stcollection_time":"Closed","sun_closing_2ndcollection_time":"Closed","ph_opening_1stcollection_time":"Closed","ph_closing_2ndcollection_time":"Closed","postal_code":"229837","services":["Postal Services","Speedpost Services","Bill payments","Remittances"],"posting_box":"Newton Post Office"},{"id":1158,"last_modified":"2014-03-05 14:53:24","name":"Novena","type":"Post Office","address":"55 Newton Road #01-02 Revenue House ","latitude":"1.31911","longitude":"103.8422","notification":"","mon_opening_1stcollection_time":"0800","mon_closing_2ndcollection_time":"1730","tue_opening_1stcollection_time":"0830","tue_closing_2ndcollection_time":"1730","wed_opening_1stcollection_time":"0830","wed_closing_2ndcollection_time":"1730","thu_opening_1stcollection_time":"0830","thu_closing_2ndcollection_time":"1730","fri_opening_1stcollection_time":"0830","fri_closing_2ndcollection_time":"1730","sat_opening_1stcollection_time":"0830","sat_closing_2ndcollection_time":"1300","sun_opening_1stcollection_time":"Closed","sun_closing_2ndcollection_time":"Closed","ph_opening_1stcollection_time":"Closed","ph_closing_2ndcollection_time":"Closed","postal_code":"307987","services":["Postal Services","Speedpost Services","Bill payments","Remittances"],"posting_box":"Novena Post Office"},{"id":1159,"last_modified":"2014-03-05 14:53:10","name":"Orchard","type":"Post Office","address":"2 Orchard Turn #B2 -62 ION Orchard ","latitude":"1.30425","longitude":"103.83217","notification":"","mon_opening_1stcollection_time":"1100","mon_closing_2ndcollection_time":"1900","tue_opening_1stcollection_time":"0830","tue_closing_2ndcollection_time":"1900","wed_opening_1stcollection_time":"0830","wed_closing_2ndcollection_time":"1900","thu_opening_1stcollection_time":"0830","thu_closing_2ndcollection_time":"1900","fri_opening_1stcollection_time":"0830","fri_closing_2ndcollection_time":"1900","sat_opening_1stcollection_time":"0830","sat_closing_2ndcollection_time":"1900","sun_opening_1stcollection_time":"1100","sun_closing_2ndcollection_time":"1900","ph_opening_1stcollection_time":"Closed","ph_closing_2ndcollection_time":"Closed","postal_code":"238801","services":["Postal Services","Speedpost Services","Bill payments","Remittances"],"posting_box":"Orchard Post Office"},{"id":1160,"last_modified":"2014-03-05 14:52:55","name":"Pasir Panjang","type":"Post Office","address":"396 Pasir Panjang Road","latitude":"1.29148","longitude":"103.77116","notification":"","mon_opening_1stcollection_time":"0830","mon_closing_2ndcollection_time":"1700","tue_opening_1stcollection_time":"0830","tue_closing_2ndcollection_time":"1700","wed_opening_1stcollection_time":"0830","wed_closing_2ndcollection_time":"1700","thu_opening_1stcollection_time":"0830","thu_closing_2ndcollection_time":"1700","fri_opening_1stcollection_time":"0830","fri_closing_2ndcollection_time":"1700","sat_opening_1stcollection_time":"0830","sat_closing_2ndcollection_time":"1300","sun_opening_1stcollection_time":"Closed","sun_closing_2ndcollection_time":"Closed","ph_opening_1stcollection_time":"Closed","ph_closing_2ndcollection_time":"Closed","postal_code":"118733","services":["Postal Services","Speedpost Services","Bill payments","Remittances"],"posting_box":"Pasir Panjang Post Office"},{"id":1161,"last_modified":"2014-03-05 14:52:26","name":"Pasir Ris Central","type":"Post Office","address":"1 Pasir Ris Central Street 3 #04-13 White Sands ","latitude":"1.37244","longitude":"103.94986","notification":"","mon_opening_1stcollection_time":"0930","mon_closing_2ndcollection_time":"1800","tue_opening_1stcollection_time":"0930","tue_closing_2ndcollection_time":"1800","wed_opening_1stcollection_time":"0930","wed_closing_2ndcollection_time":"1800","thu_opening_1stcollection_time":"0930","thu_closing_2ndcollection_time":"1800","fri_opening_1stcollection_time":"0930","fri_closing_2ndcollection_time":"1800","sat_opening_1stcollection_time":"0930","sat_closing_2ndcollection_time":"1500","sun_opening_1stcollection_time":"Closed","sun_closing_2ndcollection_time":"Closed","ph_opening_1stcollection_time":"Closed","ph_closing_2ndcollection_time":"Closed","postal_code":"518457","services":["Postal Services","Speedpost Services","Bill payments","Remittances"],"posting_box":"Pasir Ris Post Office"},{"id":1162,"last_modified":"2014-03-05 14:52:41","name":"Pioneer Road","type":"Post Office","address":"51 Soon Lee Road #01-13\/14\/15","latitude":"1.33194","longitude":"103.69893","notification":"","mon_opening_1stcollection_time":"1630","mon_closing_2ndcollection_time":"2200","tue_opening_1stcollection_time":"0830","tue_closing_2ndcollection_time":"2200","wed_opening_1stcollection_time":"0830","wed_closing_2ndcollection_time":"2200","thu_opening_1stcollection_time":"0830","thu_closing_2ndcollection_time":"2200","fri_opening_1stcollection_time":"0830","fri_closing_2ndcollection_time":"2200","sat_opening_1stcollection_time":"0830","sat_closing_2ndcollection_time":"2130","sun_opening_1stcollection_time":"1030","sun_closing_2ndcollection_time":"2130","ph_opening_1stcollection_time":"1030","ph_closing_2ndcollection_time":"2130","postal_code":"628088","services":["Postal Services","Speedpost Services","Bill payments","Remittances"],"posting_box":"Pioneer Road Post Office"},{"id":1189,"last_modified":"2014-03-05 14:45:01","name":"Punggol","type":"Post Office","address":"80 Punggol Field #B1-01 Punggol 21 Community Club","latitude":"1.39347","longitude":"103.91368","notification":"","mon_opening_1stcollection_time":"1030","mon_closing_2ndcollection_time":"1900","tue_opening_1stcollection_time":"0830","tue_closing_2ndcollection_time":"1900","wed_opening_1stcollection_time":"0830","wed_closing_2ndcollection_time":"1900","thu_opening_1stcollection_time":"0830","thu_closing_2ndcollection_time":"1900","fri_opening_1stcollection_time":"0830","fri_closing_2ndcollection_time":"1900","sat_opening_1stcollection_time":"0830","sat_closing_2ndcollection_time":"1330","sun_opening_1stcollection_time":"Closed","sun_closing_2ndcollection_time":"Closed","ph_opening_1stcollection_time":"Closed","ph_closing_2ndcollection_time":"Closed","postal_code":"828815","services":["Postal Services","Speedpost Services","Bill payments","Remittances"],"posting_box":"Punggol Post Office"},{"id":1376,"last_modified":"2014-04-02 14:34:12","name":"Raffles Place Post Office","type":"Post Office","address":"10 Collyer Quay #B1-11, Ocean Financial Centre","latitude":"1.283241","longitude":"103.851945","notification":"","mon_opening_1stcollection_time":"0830","mon_closing_2ndcollection_time":"1800","tue_opening_1stcollection_time":"0830","tue_closing_2ndcollection_time":"1800","wed_opening_1stcollection_time":"0830","wed_closing_2ndcollection_time":"1800","thu_opening_1stcollection_time":"0830","thu_closing_2ndcollection_time":"1800","fri_opening_1stcollection_time":"0830","fri_closing_2ndcollection_time":"1800","sat_opening_1stcollection_time":"Closed","sat_closing_2ndcollection_time":"Closed","sun_opening_1stcollection_time":"Closed","sun_closing_2ndcollection_time":"Closed","ph_opening_1stcollection_time":"Closed","ph_closing_2ndcollection_time":"Closed","postal_code":"049315","services":["Postal Services","Speedpost Services","Bill payments","Remittances"],"posting_box":"Raffles Place Post Office"},{"id":1163,"last_modified":"2014-03-05 14:51:59","name":"Robinson Road","type":"Post Office","address":"79 Robinson Road #01-06 CPF Building ","latitude":"1.27725","longitude":"103.84801","notification":"","mon_opening_1stcollection_time":"0830","mon_closing_2ndcollection_time":"1800","tue_opening_1stcollection_time":"0830","tue_closing_2ndcollection_time":"1800","wed_opening_1stcollection_time":"0830","wed_closing_2ndcollection_time":"1800","thu_opening_1stcollection_time":"0830","thu_closing_2ndcollection_time":"1800","fri_opening_1stcollection_time":"0830","fri_closing_2ndcollection_time":"1800","sat_opening_1stcollection_time":"0830","sat_closing_2ndcollection_time":"1300","sun_opening_1stcollection_time":"Closed","sun_closing_2ndcollection_time":"Closed","ph_opening_1stcollection_time":"Closed","ph_closing_2ndcollection_time":"Closed","postal_code":"068897","services":["Postal Services","Speedpost Services","Bill payments","Remittances"],"posting_box":"Robinson Road Post Office"},{"id":1164,"last_modified":"2014-03-05 14:51:42","name":"Rochor","type":"Post Office","address":"Blk 1 Rochor Road #01-560 ","latitude":"1.30207","longitude":"103.85504","notification":"","mon_opening_1stcollection_time":"0830","mon_closing_2ndcollection_time":"1700","tue_opening_1stcollection_time":"0830","tue_closing_2ndcollection_time":"1700","wed_opening_1stcollection_time":"0830","wed_closing_2ndcollection_time":"1700","thu_opening_1stcollection_time":"0830","thu_closing_2ndcollection_time":"1700","fri_opening_1stcollection_time":"0830","fri_closing_2ndcollection_time":"1700","sat_opening_1stcollection_time":"0830","sat_closing_2ndcollection_time":"1300","sun_opening_1stcollection_time":"Closed","sun_closing_2ndcollection_time":"Closed","ph_opening_1stcollection_time":"Closed","ph_closing_2ndcollection_time":"Closed","postal_code":"180001","services":["Postal Services","Speedpost Services","Bill payments","Remittances"],"posting_box":"Rochor Post Office"},{"id":2563,"last_modified":"2014-06-09 09:49:23","name":"Sembawang Post Office","type":"Post Office","address":"2 Sembawang Crescent, #02-05\/06, Canberra Community Club","latitude":"1.445049","longitude":"103.819686","notification":"","mon_opening_1stcollection_time":"0930","mon_closing_2ndcollection_time":"1800","tue_opening_1stcollection_time":"0930","tue_closing_2ndcollection_time":"1800","wed_opening_1stcollection_time":"0930","wed_closing_2ndcollection_time":"1800","thu_opening_1stcollection_time":"0930","thu_closing_2ndcollection_time":"1800","fri_opening_1stcollection_time":"0930","fri_closing_2ndcollection_time":"1800","sat_opening_1stcollection_time":"0930","sat_closing_2ndcollection_time":"1400","sun_opening_1stcollection_time":"Closed","sun_closing_2ndcollection_time":"Closed","ph_opening_1stcollection_time":"Closed","ph_closing_2ndcollection_time":"Closed","postal_code":"757632","services":["Postal Services","Speedpost Services","Bill payments","Remittances"],"posting_box":"Sembawang Post Office"},{"id":1165,"last_modified":"2014-03-05 14:51:23","name":"Sengkang Central","type":"Post Office","address":"2 Sengkang Square #03-01 Sengkang Community Hub ","latitude":"1.39274","longitude":"103.89426","notification":"","mon_opening_1stcollection_time":"0830","mon_closing_2ndcollection_time":"1700","tue_opening_1stcollection_time":"0830","tue_closing_2ndcollection_time":"1700","wed_opening_1stcollection_time":"0830","wed_closing_2ndcollection_time":"2000","thu_opening_1stcollection_time":"0830","thu_closing_2ndcollection_time":"1700","fri_opening_1stcollection_time":"0830","fri_closing_2ndcollection_time":"1700","sat_opening_1stcollection_time":"0830","sat_closing_2ndcollection_time":"1300","sun_opening_1stcollection_time":"Closed","sun_closing_2ndcollection_time":"Closed","ph_opening_1stcollection_time":"Closed","ph_closing_2ndcollection_time":"Closed","postal_code":"545025","services":["Postal Services","Speedpost Services","Bill payments","Remittances"],"posting_box":"Sengkang Central Post Office"},{"id":1166,"last_modified":"2014-03-05 14:51:07","name":"Serangoon Central","type":"Post Office","address":"Blk 261 Serangoon Central Dr #01-05\/07","latitude":"1.35394","longitude":"103.87235","notification":"","mon_opening_1stcollection_time":"0830","mon_closing_2ndcollection_time":"1700","tue_opening_1stcollection_time":"0830","tue_closing_2ndcollection_time":"1700","wed_opening_1stcollection_time":"0830","wed_closing_2ndcollection_time":"1700","thu_opening_1stcollection_time":"0830","thu_closing_2ndcollection_time":"1700","fri_opening_1stcollection_time":"0830","fri_closing_2ndcollection_time":"1700","sat_opening_1stcollection_time":"0830","sat_closing_2ndcollection_time":"1300","sun_opening_1stcollection_time":"Closed","sun_closing_2ndcollection_time":"Closed","ph_opening_1stcollection_time":"Closed","ph_closing_2ndcollection_time":"Closed","postal_code":"550261","services":["Postal Services","Speedpost Services","Bill payments","Remittances"],"posting_box":"Serangoon Central Post Office"},{"id":1167,"last_modified":"2014-03-05 14:50:52","name":"Serangoon Garden","type":"Post Office","address":"54 Serangoon Garden Way ","latitude":"1.36385","longitude":"103.86672","notification":"","mon_opening_1stcollection_time":"0830","mon_closing_2ndcollection_time":"1700","tue_opening_1stcollection_time":"0830","tue_closing_2ndcollection_time":"1700","wed_opening_1stcollection_time":"0830","wed_closing_2ndcollection_time":"1700","thu_opening_1stcollection_time":"0830","thu_closing_2ndcollection_time":"1700","fri_opening_1stcollection_time":"0830","fri_closing_2ndcollection_time":"1700","sat_opening_1stcollection_time":"0830","sat_closing_2ndcollection_time":"1300","sun_opening_1stcollection_time":"Closed","sun_closing_2ndcollection_time":"Closed","ph_opening_1stcollection_time":"Closed","ph_closing_2ndcollection_time":"Closed","postal_code":"555950","services":["Postal Services","Speedpost Services","Bill payments","Remittances"],"posting_box":"Serangoon Garden Post Office"},{"id":1168,"last_modified":"2014-03-05 14:50:25","name":"Siglap","type":"Post Office","address":"10 Palm Avenue ","latitude":"1.31343","longitude":"103.93002","notification":"","mon_opening_1stcollection_time":"0830","mon_closing_2ndcollection_time":"1700","tue_opening_1stcollection_time":"0830","tue_closing_2ndcollection_time":"1700","wed_opening_1stcollection_time":"0830","wed_closing_2ndcollection_time":"1700","thu_opening_1stcollection_time":"0830","thu_closing_2ndcollection_time":"1700","fri_opening_1stcollection_time":"0830","fri_closing_2ndcollection_time":"1700","sat_opening_1stcollection_time":"0830","sat_closing_2ndcollection_time":"1300","sun_opening_1stcollection_time":"Closed","sun_closing_2ndcollection_time":"Closed","ph_opening_1stcollection_time":"Closed","ph_closing_2ndcollection_time":"Closed","postal_code":"456532","services":["Postal Services","Speedpost Services","Bill payments","Remittances"],"posting_box":"Siglap Post Office"},{"id":1169,"last_modified":"2014-03-05 14:50:09","name":"Simpang Bedok","type":"Post Office","address":"350 Bedok Road ","latitude":"1.33182","longitude":"103.94777","notification":"","mon_opening_1stcollection_time":"0830","mon_closing_2ndcollection_time":"1700","tue_opening_1stcollection_time":"0830","tue_closing_2ndcollection_time":"1700","wed_opening_1stcollection_time":"0830","wed_closing_2ndcollection_time":"1700","thu_opening_1stcollection_time":"0830","thu_closing_2ndcollection_time":"1700","fri_opening_1stcollection_time":"0830","fri_closing_2ndcollection_time":"1700","sat_opening_1stcollection_time":"0830","sat_closing_2ndcollection_time":"1300","sun_opening_1stcollection_time":"Closed","sun_closing_2ndcollection_time":"Closed","ph_opening_1stcollection_time":"Closed","ph_closing_2ndcollection_time":"Closed","postal_code":"469538","services":["Postal Services","Speedpost Services","Bill payments","Remittances"],"posting_box":"Simpang Bedok Post Office"},{"id":1170,"last_modified":"2014-04-02 14:17:03","name":"Singapore Post Centre","type":"Post Office","address":"10 Eunos Road 8 West Entrance Lvl 1 #01-02 Singapore Post Centre ","latitude":"1.31894","longitude":"103.89458","notification":"","mon_opening_1stcollection_time":"0830","mon_closing_2ndcollection_time":"2100","tue_opening_1stcollection_time":"0830","tue_closing_2ndcollection_time":"2100","wed_opening_1stcollection_time":"0830","wed_closing_2ndcollection_time":"2100","thu_opening_1stcollection_time":"0830","thu_closing_2ndcollection_time":"2100","fri_opening_1stcollection_time":"0830","fri_closing_2ndcollection_time":"2100","sat_opening_1stcollection_time":"0830","sat_closing_2ndcollection_time":"1600","sun_opening_1stcollection_time":"1030","sun_closing_2ndcollection_time":"1600","ph_opening_1stcollection_time":"1030","ph_closing_2ndcollection_time":"1600","postal_code":"408600","services":["Postal Services","Speedpost Services","Bill payments","Remittances"],"posting_box":"Singapore Post Centre - West"},{"id":1173,"last_modified":"2014-03-05 14:49:19","name":"Tampines Central","type":"Post Office","address":"1 Tampines Central 5 #01-03 CPF Tampines Building ","latitude":"1.35315","longitude":"103.9435","notification":"","mon_opening_1stcollection_time":"0830","mon_closing_2ndcollection_time":"2000","tue_opening_1stcollection_time":"0830","tue_closing_2ndcollection_time":"2000","wed_opening_1stcollection_time":"0830","wed_closing_2ndcollection_time":"2000","thu_opening_1stcollection_time":"0830","thu_closing_2ndcollection_time":"2000","fri_opening_1stcollection_time":"0830","fri_closing_2ndcollection_time":"2000","sat_opening_1stcollection_time":"0830","sat_closing_2ndcollection_time":"1600","sun_opening_1stcollection_time":"Closed","sun_closing_2ndcollection_time":"Closed","ph_opening_1stcollection_time":"Closed","ph_closing_2ndcollection_time":"Closed","postal_code":"529508","services":["Postal Services","Speedpost Services","Bill payments","Remittances"],"posting_box":"Tampines Central Post Office"},{"id":1174,"last_modified":"2014-03-05 14:48:24","name":"Tanglin","type":"Post Office","address":"56 Tanglin Road ","latitude":"1.30556","longitude":"103.82277","notification":"","mon_opening_1stcollection_time":"0830","mon_closing_2ndcollection_time":"1700","tue_opening_1stcollection_time":"0830","tue_closing_2ndcollection_time":"1700","wed_opening_1stcollection_time":"0830","wed_closing_2ndcollection_time":"1700","thu_opening_1stcollection_time":"0830","thu_closing_2ndcollection_time":"1700","fri_opening_1stcollection_time":"0830","fri_closing_2ndcollection_time":"1700","sat_opening_1stcollection_time":"0830","sat_closing_2ndcollection_time":"1300","sun_opening_1stcollection_time":"Closed","sun_closing_2ndcollection_time":"Closed","ph_opening_1stcollection_time":"Closed","ph_closing_2ndcollection_time":"Closed","postal_code":"247964","services":["Postal Services","Speedpost Services","Bill payments","Remittances"],"posting_box":"Tanglin Post Office"},{"id":1175,"last_modified":"2014-03-05 14:48:08","name":"Tanjong Pagar","type":"Post Office","address":"Blk 1 Tanjong Pagar Plaza #01-25 ","latitude":"1.27484","longitude":"103.84271","notification":"","mon_opening_1stcollection_time":"0830","mon_closing_2ndcollection_time":"1700","tue_opening_1stcollection_time":"0830","tue_closing_2ndcollection_time":"1700","wed_opening_1stcollection_time":"0830","wed_closing_2ndcollection_time":"1700","thu_opening_1stcollection_time":"0830","thu_closing_2ndcollection_time":"1700","fri_opening_1stcollection_time":"0830","fri_closing_2ndcollection_time":"1700","sat_opening_1stcollection_time":"0830","sat_closing_2ndcollection_time":"1300","sun_opening_1stcollection_time":"Closed","sun_closing_2ndcollection_time":"Closed","ph_opening_1stcollection_time":"Closed","ph_closing_2ndcollection_time":"Closed","postal_code":"082001","services":["Postal Services","Speedpost Services","Bill payments","Remittances"],"posting_box":"Tanjong Pagar Post Office"},{"id":1176,"last_modified":"2014-03-05 14:47:52","name":"Teban Garden","type":"Post Office","address":"Blk 38 Teban Garden Road #01-316 ","latitude":"1.32105","longitude":"103.74298","notification":"","mon_opening_1stcollection_time":"0830","mon_closing_2ndcollection_time":"1700","tue_opening_1stcollection_time":"0830","tue_closing_2ndcollection_time":"1700","wed_opening_1stcollection_time":"0830","wed_closing_2ndcollection_time":"1700","thu_opening_1stcollection_time":"0830","thu_closing_2ndcollection_time":"1700","fri_opening_1stcollection_time":"0830","fri_closing_2ndcollection_time":"1700","sat_opening_1stcollection_time":"0830","sat_closing_2ndcollection_time":"1300","sun_opening_1stcollection_time":"Closed","sun_closing_2ndcollection_time":"Closed","ph_opening_1stcollection_time":"Closed","ph_closing_2ndcollection_time":"Closed","postal_code":"600038","services":["Postal Services","Speedpost Services","Bill payments","Remittances"],"posting_box":"Teban Garden Post Office"},{"id":2549,"last_modified":"2014-03-31 00:53:31","name":"Thomson Road","type":"Post Office","address":"194 Upper Thomson Road, Thomson Community Club #01-02","latitude":"1.351035","longitude":"103.836691","notification":"","mon_opening_1stcollection_time":"0930","mon_closing_2ndcollection_time":"1800","tue_opening_1stcollection_time":"0930","tue_closing_2ndcollection_time":"1800","wed_opening_1stcollection_time":"0930","wed_closing_2ndcollection_time":"2000","thu_opening_1stcollection_time":"0930","thu_closing_2ndcollection_time":"1800","fri_opening_1stcollection_time":"0930","fri_closing_2ndcollection_time":"1800","sat_opening_1stcollection_time":"0930","sat_closing_2ndcollection_time":"1400","sun_opening_1stcollection_time":"Closed","sun_closing_2ndcollection_time":"Closed","ph_opening_1stcollection_time":"Closed","ph_closing_2ndcollection_time":"Closed","postal_code":"574339","services":["Postal Services","Speedpost Services","Bill payments","Remittances"],"posting_box":"Thomson Road Post Office"},{"id":1178,"last_modified":"2014-03-05 14:47:21","name":"Tiong Bahru","type":"Post Office","address":"Blk 28 Tiong Bahru Road #01-141\/147 ","latitude":"1.28558","longitude":"103.83037","notification":"","mon_opening_1stcollection_time":"0830","mon_closing_2ndcollection_time":"1700","tue_opening_1stcollection_time":"0830","tue_closing_2ndcollection_time":"1700","wed_opening_1stcollection_time":"0830","wed_closing_2ndcollection_time":"1700","thu_opening_1stcollection_time":"0830","thu_closing_2ndcollection_time":"1700","fri_opening_1stcollection_time":"0830","fri_closing_2ndcollection_time":"1700","sat_opening_1stcollection_time":"0830","sat_closing_2ndcollection_time":"1300","sun_opening_1stcollection_time":"Closed","sun_closing_2ndcollection_time":"Closed","ph_opening_1stcollection_time":"Closed","ph_closing_2ndcollection_time":"Closed","postal_code":"163028","services":["Postal Services","Speedpost Services","Bill payments","Remittances"],"posting_box":"Tiong Bahru Post Office"},{"id":1179,"last_modified":"2014-03-05 14:46:38","name":"Toa Payoh Central","type":"Post Office","address":"520 Lorong 6 Toa Payoh #02-55 HDB Hub (Biz Two)","latitude":"1.33198","longitude":"103.84721","notification":"","mon_opening_1stcollection_time":"0830","mon_closing_2ndcollection_time":"2000","tue_opening_1stcollection_time":"0830","tue_closing_2ndcollection_time":"2000","wed_opening_1stcollection_time":"0830","wed_closing_2ndcollection_time":"2000","thu_opening_1stcollection_time":"0830","thu_closing_2ndcollection_time":"2000","fri_opening_1stcollection_time":"0830","fri_closing_2ndcollection_time":"2000","sat_opening_1stcollection_time":"0830","sat_closing_2ndcollection_time":"1500","sun_opening_1stcollection_time":"Closed","sun_closing_2ndcollection_time":"Closed","ph_opening_1stcollection_time":"Closed","ph_closing_2ndcollection_time":"Closed","postal_code":"310520","services":["Postal Services","Speedpost Services","Bill payments","Remittances"],"posting_box":"Toa Payoh Central Post Office"},{"id":1180,"last_modified":"2014-03-05 14:46:52","name":"Toa Payoh North","type":"Post Office","address":"Blk 203 Toa Payoh North #01-1117\/1119 ","latitude":"1.34208","longitude":"103.8493","notification":"","mon_opening_1stcollection_time":"0830","mon_closing_2ndcollection_time":"1700","tue_opening_1stcollection_time":"0830","tue_closing_2ndcollection_time":"1700","wed_opening_1stcollection_time":"0830","wed_closing_2ndcollection_time":"1700","thu_opening_1stcollection_time":"0830","thu_closing_2ndcollection_time":"1700","fri_opening_1stcollection_time":"0830","fri_closing_2ndcollection_time":"1700","sat_opening_1stcollection_time":"0830","sat_closing_2ndcollection_time":"1300","sun_opening_1stcollection_time":"Closed","sun_closing_2ndcollection_time":"Closed","ph_opening_1stcollection_time":"Closed","ph_closing_2ndcollection_time":"Closed","postal_code":"310203","services":["Postal Services","Speedpost Services","Bill payments","Remittances"],"posting_box":"Toa Payoh North Post Office"},{"id":1378,"last_modified":"2014-03-05 14:44:05","name":"Towner","type":"Post Office","address":"Blk 101 Towner Road, #01-204\/206","latitude":"1.319489","longitude":"103.861129","notification":"","mon_opening_1stcollection_time":"0830","mon_closing_2ndcollection_time":"1700","tue_opening_1stcollection_time":"0830","tue_closing_2ndcollection_time":"1700","wed_opening_1stcollection_time":"0830","wed_closing_2ndcollection_time":"2000","thu_opening_1stcollection_time":"0830","thu_closing_2ndcollection_time":"1700","fri_opening_1stcollection_time":"0830","fri_closing_2ndcollection_time":"1700","sat_opening_1stcollection_time":"0830","sat_closing_2ndcollection_time":"1300","sun_opening_1stcollection_time":"Closed","sun_closing_2ndcollection_time":"Closed","ph_opening_1stcollection_time":"Closed","ph_closing_2ndcollection_time":"Closed","postal_code":"322101","services":["Postal Services","Speedpost Services","Bill payments","Remittances"],"posting_box":"Towner Post Office"},{"id":1183,"last_modified":"2014-03-05 14:46:23","name":"Woodlands Central","type":"Post Office","address":"900 South Woodlands Drive #03-05\/06 Woodlands Civic Centre ","latitude":"1.43527","longitude":"103.7867","notification":"","mon_opening_1stcollection_time":"0830","mon_closing_2ndcollection_time":"1700","tue_opening_1stcollection_time":"0830","tue_closing_2ndcollection_time":"1700","wed_opening_1stcollection_time":"0830","wed_closing_2ndcollection_time":"2000","thu_opening_1stcollection_time":"0830","thu_closing_2ndcollection_time":"1700","fri_opening_1stcollection_time":"0830","fri_closing_2ndcollection_time":"1700","sat_opening_1stcollection_time":"0830","sat_closing_2ndcollection_time":"1300","sun_opening_1stcollection_time":"Closed","sun_closing_2ndcollection_time":"Closed","ph_opening_1stcollection_time":"Closed","ph_closing_2ndcollection_time":"Closed","postal_code":"730900","services":["Postal Services","Speedpost Services","Bill payments","Remittances"],"posting_box":"Woodlands Post Office"},{"id":1184,"last_modified":"2014-03-05 14:46:05","name":"Yishun Central","type":"Post Office","address":"51 Yishun Central 1 #01-09 Yishun 10 Multiplex ","latitude":"1.42995","longitude":"103.83647","notification":"","mon_opening_1stcollection_time":"0830","mon_closing_2ndcollection_time":"1700","tue_opening_1stcollection_time":"0830","tue_closing_2ndcollection_time":"1700","wed_opening_1stcollection_time":"0830","wed_closing_2ndcollection_time":"2000","thu_opening_1stcollection_time":"0830","thu_closing_2ndcollection_time":"1700","fri_opening_1stcollection_time":"0830","fri_closing_2ndcollection_time":"1700","sat_opening_1stcollection_time":"0830","sat_closing_2ndcollection_time":"1300","sun_opening_1stcollection_time":"Closed","sun_closing_2ndcollection_time":"Closed","ph_opening_1stcollection_time":"Closed","ph_closing_2ndcollection_time":"Closed","postal_code":"768794","services":["Postal Services","Speedpost Services","Bill payments","Remittances"],"posting_box":"Yishun Central Post Office"}]}